file_name,label
0.jpg,parachute
1.jpg,parachute
2.jpg,parachute
3.jpg,parachute
4.jpg,parachute
5.jpg,parachute
6.jpg,goldfish
7.jpg,goldfish
8.jpg,parachute
9.jpg,parachute
10.jpg,goldfish
11.jpg,parachute
12.jpg,parachute
13.jpg,parachute
14.jpg,parachute
15.jpg,parachute
16.jpg,goldfish
17.jpg,parachute
18.jpg,goldfish
19.jpg,parachute
20.jpg,parachute
21.jpg,parachute
22.jpg,parachute
23.jpg,parachute
24.jpg,goldfish
25.jpg,parachute
26.jpg,parachute
27.jpg,parachute
28.jpg,parachute
29.jpg,parachute
30.jpg,goldfish
31.jpg,goldfish
32.jpg,parachute
33.jpg,goldfish
34.jpg,goldfish
35.jpg,parachute
36.jpg,goldfish
37.jpg,parachute
38.jpg,parachute
39.jpg,parachute
40.jpg,parachute
41.jpg,parachute
42.jpg,parachute
43.jpg,goldfish
44.jpg,goldfish
45.jpg,goldfish
46.jpg,parachute
47.jpg,goldfish
48.jpg,parachute
49.jpg,parachute
50.jpg,parachute
51.jpg,parachute
52.jpg,goldfish
53.jpg,goldfish
54.jpg,parachute
55.jpg,parachute
56.jpg,goldfish
57.jpg,goldfish
58.jpg,parachute
59.jpg,goldfish
60.jpg,parachute
61.jpg,goldfish
62.jpg,goldfish
63.jpg,parachute
64.jpg,parachute
65.jpg,parachute
66.jpg,goldfish
67.jpg,parachute
68.jpg,parachute
69.jpg,parachute
70.jpg,goldfish
71.jpg,goldfish
72.jpg,parachute
73.jpg,parachute
74.jpg,parachute
75.jpg,parachute
76.jpg,parachute
77.jpg,parachute
78.jpg,parachute
79.jpg,parachute
80.jpg,goldfish
81.jpg,parachute
82.jpg,parachute
83.jpg,parachute
84.jpg,parachute
85.jpg,parachute
86.jpg,goldfish
87.jpg,parachute
88.jpg,goldfish
89.jpg,parachute
90.jpg,parachute
91.jpg,goldfish
92.jpg,parachute
93.jpg,parachute
94.jpg,parachute
95.jpg,parachute
96.jpg,parachute
97.jpg,parachute
98.jpg,goldfish
99.jpg,parachute
100.jpg,parachute
101.jpg,parachute
102.jpg,parachute
103.jpg,goldfish
104.jpg,parachute
105.jpg,parachute
106.jpg,parachute
107.jpg,parachute
108.jpg,parachute
109.jpg,parachute
110.jpg,parachute
111.jpg,parachute
112.jpg,parachute
113.jpg,parachute
114.jpg,parachute
115.jpg,parachute
116.jpg,parachute
117.jpg,parachute
118.jpg,parachute
119.jpg,goldfish
120.jpg,goldfish
121.jpg,parachute
122.jpg,parachute
123.jpg,parachute
124.jpg,parachute
125.jpg,parachute
126.jpg,parachute
127.jpg,parachute
128.jpg,parachute
129.jpg,parachute
130.jpg,parachute
131.jpg,parachute
132.jpg,parachute
133.jpg,parachute
134.jpg,parachute
135.jpg,goldfish
136.jpg,parachute
137.jpg,parachute
138.jpg,parachute
139.jpg,parachute
140.jpg,parachute
141.jpg,goldfish
142.jpg,parachute
143.jpg,parachute
144.jpg,parachute
145.jpg,parachute
146.jpg,parachute
147.jpg,parachute
148.jpg,goldfish
149.jpg,goldfish
150.jpg,goldfish
151.jpg,goldfish
152.jpg,goldfish
153.jpg,parachute
154.jpg,parachute
155.jpg,goldfish
156.jpg,goldfish
157.jpg,parachute
158.jpg,parachute
159.jpg,parachute
160.jpg,parachute
161.jpg,parachute
162.jpg,parachute
163.jpg,goldfish
164.jpg,parachute
165.jpg,parachute
166.jpg,goldfish
167.jpg,goldfish
168.jpg,goldfish
169.jpg,parachute
170.jpg,parachute
171.jpg,parachute
172.jpg,parachute
173.jpg,parachute
174.jpg,parachute
175.jpg,parachute
176.jpg,parachute
177.jpg,parachute
178.jpg,parachute
179.jpg,parachute
180.jpg,parachute
181.jpg,parachute
182.jpg,parachute
183.jpg,parachute
184.jpg,parachute
185.jpg,parachute
186.jpg,goldfish
187.jpg,parachute
188.jpg,parachute
189.jpg,parachute
190.jpg,goldfish
191.jpg,parachute
192.jpg,parachute
193.jpg,parachute
194.jpg,parachute
195.jpg,parachute
196.jpg,parachute
197.jpg,goldfish
198.jpg,goldfish
199.jpg,parachute
200.jpg,parachute
201.jpg,parachute
202.jpg,goldfish
203.jpg,parachute
204.jpg,parachute
205.jpg,parachute
206.jpg,parachute
207.jpg,parachute
208.jpg,parachute
209.jpg,parachute
210.jpg,parachute
211.jpg,parachute
212.jpg,parachute
213.jpg,goldfish
214.jpg,goldfish
215.jpg,parachute
216.jpg,parachute
217.jpg,parachute
218.jpg,parachute
219.jpg,parachute
220.jpg,parachute
221.jpg,parachute
222.jpg,parachute
223.jpg,parachute
224.jpg,goldfish
225.jpg,parachute
226.jpg,goldfish
227.jpg,parachute
228.jpg,parachute
229.jpg,parachute
230.jpg,parachute
231.jpg,parachute
232.jpg,parachute
233.jpg,parachute
234.jpg,goldfish
235.jpg,goldfish
236.jpg,parachute
237.jpg,goldfish
238.jpg,goldfish
239.jpg,parachute
240.jpg,goldfish
241.jpg,goldfish
242.jpg,parachute
243.jpg,goldfish
244.jpg,parachute
245.jpg,goldfish
246.jpg,goldfish
247.jpg,parachute
248.jpg,parachute
249.jpg,parachute
250.jpg,parachute
251.jpg,goldfish
252.jpg,parachute
253.jpg,parachute
254.jpg,parachute
255.jpg,goldfish
256.jpg,parachute
257.jpg,goldfish
258.jpg,goldfish
259.jpg,parachute
260.jpg,parachute
261.jpg,parachute
262.jpg,parachute
263.jpg,parachute
264.jpg,parachute
265.jpg,parachute
266.jpg,parachute
267.jpg,parachute
268.jpg,parachute
269.jpg,parachute
270.jpg,goldfish
271.jpg,parachute
272.jpg,parachute
273.jpg,parachute
274.jpg,parachute
275.jpg,parachute
276.jpg,parachute
277.jpg,parachute
278.jpg,parachute
279.jpg,parachute
280.jpg,parachute
281.jpg,parachute
282.jpg,parachute
283.jpg,parachute
284.jpg,parachute
285.jpg,parachute
286.jpg,parachute
287.jpg,parachute
288.jpg,parachute
289.jpg,parachute
290.jpg,parachute
291.jpg,parachute
292.jpg,parachute
293.jpg,goldfish
294.jpg,parachute
295.jpg,parachute
296.jpg,parachute
297.jpg,goldfish
298.jpg,parachute
299.jpg,parachute
300.jpg,parachute
301.jpg,parachute
302.jpg,parachute
303.jpg,parachute
304.jpg,parachute
305.jpg,parachute
306.jpg,parachute
307.jpg,parachute
308.jpg,parachute
309.jpg,parachute
310.jpg,parachute
311.jpg,parachute
312.jpg,parachute
313.jpg,parachute
314.jpg,goldfish
315.jpg,parachute
316.jpg,parachute
317.jpg,parachute
318.jpg,parachute
319.jpg,goldfish
320.jpg,parachute
321.jpg,goldfish
322.jpg,parachute
323.jpg,goldfish
324.jpg,parachute
325.jpg,parachute
326.jpg,parachute
327.jpg,goldfish
328.jpg,parachute
329.jpg,goldfish
330.jpg,goldfish
331.jpg,parachute
332.jpg,parachute
333.jpg,parachute
334.jpg,parachute
335.jpg,parachute
336.jpg,goldfish
337.jpg,parachute
338.jpg,parachute
339.jpg,parachute
340.jpg,parachute
341.jpg,parachute
342.jpg,parachute
343.jpg,parachute
344.jpg,parachute
345.jpg,goldfish
346.jpg,parachute
347.jpg,goldfish
348.jpg,parachute
349.jpg,parachute
350.jpg,parachute
351.jpg,goldfish
352.jpg,parachute
353.jpg,goldfish
354.jpg,goldfish
355.jpg,parachute
356.jpg,parachute
357.jpg,goldfish
358.jpg,goldfish
359.jpg,parachute
360.jpg,parachute
361.jpg,goldfish
362.jpg,goldfish
363.jpg,parachute
364.jpg,goldfish
365.jpg,parachute
366.jpg,parachute
367.jpg,parachute
368.jpg,parachute
369.jpg,parachute
370.jpg,parachute
371.jpg,parachute
372.jpg,parachute
373.jpg,goldfish
374.jpg,parachute
375.jpg,parachute
376.jpg,goldfish
377.jpg,parachute
378.jpg,parachute
379.jpg,parachute
380.jpg,parachute
381.jpg,goldfish
382.jpg,goldfish
383.jpg,parachute
384.jpg,parachute
385.jpg,goldfish
386.jpg,parachute
387.jpg,parachute
388.jpg,parachute
389.jpg,goldfish
390.jpg,parachute
391.jpg,goldfish
392.jpg,parachute
393.jpg,parachute
394.jpg,parachute
395.jpg,parachute
396.jpg,parachute
397.jpg,parachute
398.jpg,parachute
399.jpg,parachute
400.jpg,parachute
401.jpg,goldfish
402.jpg,parachute
403.jpg,goldfish
404.jpg,parachute
405.jpg,parachute
406.jpg,parachute
407.jpg,parachute
408.jpg,goldfish
409.jpg,goldfish
410.jpg,parachute
411.jpg,goldfish
412.jpg,parachute
413.jpg,goldfish
414.jpg,parachute
415.jpg,parachute
416.jpg,parachute
417.jpg,parachute
418.jpg,goldfish
419.jpg,goldfish
420.jpg,parachute
421.jpg,goldfish
422.jpg,parachute
423.jpg,parachute
424.jpg,goldfish
425.jpg,parachute
426.jpg,parachute
427.jpg,parachute
428.jpg,goldfish
429.jpg,parachute
430.jpg,parachute
431.jpg,parachute
432.jpg,parachute
433.jpg,parachute
434.jpg,parachute
435.jpg,parachute
436.jpg,parachute
437.jpg,parachute
438.jpg,goldfish
439.jpg,parachute
440.jpg,parachute
441.jpg,parachute
442.jpg,parachute
443.jpg,parachute
444.jpg,parachute
445.jpg,parachute
446.jpg,goldfish
447.jpg,parachute
448.jpg,goldfish
449.jpg,goldfish
450.jpg,parachute
451.jpg,goldfish
452.jpg,parachute
453.jpg,goldfish
454.jpg,parachute
455.jpg,parachute
456.jpg,parachute
457.jpg,parachute
458.jpg,parachute
459.jpg,parachute
460.jpg,parachute
461.jpg,parachute
462.jpg,parachute
463.jpg,parachute
464.jpg,parachute
465.jpg,goldfish
466.jpg,parachute
467.jpg,goldfish
468.jpg,goldfish
469.jpg,parachute
470.jpg,parachute
471.jpg,goldfish
472.jpg,parachute
473.jpg,parachute
474.jpg,parachute
475.jpg,parachute
476.jpg,parachute
477.jpg,parachute
478.jpg,goldfish
479.jpg,parachute
480.jpg,parachute
481.jpg,parachute
482.jpg,parachute
483.jpg,goldfish
484.jpg,parachute
485.jpg,parachute
486.jpg,parachute
487.jpg,parachute
488.jpg,goldfish
489.jpg,parachute
490.jpg,parachute
491.jpg,goldfish
492.jpg,parachute
493.jpg,parachute
494.jpg,parachute
495.jpg,parachute
496.jpg,goldfish
497.jpg,parachute
498.jpg,parachute
499.jpg,goldfish
500.jpg,goldfish
501.jpg,goldfish
502.jpg,parachute
503.jpg,parachute
504.jpg,goldfish
505.jpg,parachute
506.jpg,parachute
507.jpg,parachute
508.jpg,parachute
509.jpg,parachute
510.jpg,goldfish
511.jpg,parachute
512.jpg,parachute
513.jpg,parachute
514.jpg,parachute
515.jpg,parachute
516.jpg,goldfish
517.jpg,parachute
518.jpg,parachute
519.jpg,parachute
520.jpg,goldfish
521.jpg,parachute
522.jpg,parachute
523.jpg,parachute
524.jpg,parachute
525.jpg,parachute
526.jpg,goldfish
527.jpg,goldfish
528.jpg,parachute
529.jpg,parachute
530.jpg,goldfish
531.jpg,parachute
532.jpg,parachute
533.jpg,goldfish
534.jpg,goldfish
535.jpg,parachute
536.jpg,parachute
537.jpg,goldfish
538.jpg,parachute
539.jpg,parachute
540.jpg,parachute
541.jpg,parachute
542.jpg,goldfish
543.jpg,goldfish
544.jpg,parachute
545.jpg,goldfish
546.jpg,goldfish
547.jpg,parachute
548.jpg,parachute
549.jpg,goldfish
550.jpg,parachute
551.jpg,parachute
552.jpg,goldfish
553.jpg,parachute
554.jpg,goldfish
555.jpg,parachute
556.jpg,parachute
557.jpg,parachute
558.jpg,goldfish
559.jpg,parachute
560.jpg,parachute
561.jpg,parachute
562.jpg,goldfish
563.jpg,parachute
564.jpg,goldfish
565.jpg,parachute
566.jpg,parachute
567.jpg,goldfish
568.jpg,parachute
569.jpg,goldfish
570.jpg,goldfish
571.jpg,parachute
572.jpg,parachute
573.jpg,parachute
574.jpg,parachute
575.jpg,goldfish
576.jpg,goldfish
577.jpg,parachute
578.jpg,parachute
579.jpg,parachute
580.jpg,parachute
581.jpg,goldfish
582.jpg,parachute
583.jpg,parachute
584.jpg,parachute
585.jpg,parachute
586.jpg,goldfish
587.jpg,parachute
588.jpg,parachute
589.jpg,parachute
590.jpg,parachute
591.jpg,parachute
592.jpg,parachute
593.jpg,parachute
594.jpg,parachute
595.jpg,parachute
596.jpg,parachute
597.jpg,parachute
598.jpg,parachute
599.jpg,goldfish
600.jpg,parachute
601.jpg,parachute
602.jpg,parachute
603.jpg,parachute
604.jpg,parachute
605.jpg,parachute
606.jpg,parachute
607.jpg,parachute
608.jpg,goldfish
609.jpg,parachute
610.jpg,goldfish
611.jpg,goldfish
612.jpg,parachute
613.jpg,goldfish
614.jpg,parachute
615.jpg,goldfish
616.jpg,parachute
617.jpg,parachute
618.jpg,goldfish
619.jpg,parachute
620.jpg,goldfish
621.jpg,parachute
622.jpg,parachute
623.jpg,parachute
624.jpg,goldfish
625.jpg,parachute
626.jpg,parachute
627.jpg,goldfish
628.jpg,goldfish
629.jpg,parachute
630.jpg,parachute
631.jpg,goldfish
632.jpg,parachute
633.jpg,parachute
634.jpg,goldfish
635.jpg,parachute
636.jpg,goldfish
637.jpg,goldfish
638.jpg,parachute
639.jpg,goldfish
640.jpg,goldfish
641.jpg,parachute
642.jpg,parachute
643.jpg,parachute
644.jpg,parachute
645.jpg,goldfish
646.jpg,parachute
647.jpg,parachute
648.jpg,goldfish
649.jpg,parachute
650.jpg,parachute
651.jpg,parachute
652.jpg,goldfish
653.jpg,parachute
654.jpg,parachute
655.jpg,parachute
656.jpg,goldfish
657.jpg,parachute
658.jpg,parachute
659.jpg,parachute
660.jpg,parachute
661.jpg,parachute
662.jpg,parachute
663.jpg,parachute
664.jpg,goldfish
665.jpg,parachute
666.jpg,parachute
667.jpg,parachute
668.jpg,parachute
669.jpg,parachute
670.jpg,parachute
671.jpg,goldfish
672.jpg,parachute
673.jpg,goldfish
674.jpg,parachute
675.jpg,parachute
676.jpg,parachute
677.jpg,parachute
678.jpg,parachute
679.jpg,parachute
680.jpg,goldfish
681.jpg,parachute
682.jpg,parachute
683.jpg,parachute
684.jpg,parachute
685.jpg,parachute
686.jpg,parachute
687.jpg,goldfish
688.jpg,goldfish
689.jpg,parachute
690.jpg,parachute
691.jpg,parachute
692.jpg,parachute
693.jpg,parachute
694.jpg,parachute
695.jpg,parachute
696.jpg,goldfish
697.jpg,parachute
698.jpg,parachute
699.jpg,parachute
700.jpg,parachute
701.jpg,parachute
702.jpg,goldfish
703.jpg,parachute
704.jpg,parachute
705.jpg,parachute
706.jpg,goldfish
707.jpg,parachute
708.jpg,parachute
709.jpg,parachute
710.jpg,goldfish
711.jpg,parachute
712.jpg,goldfish
713.jpg,parachute
714.jpg,parachute
715.jpg,parachute
716.jpg,goldfish
717.jpg,parachute
718.jpg,parachute
719.jpg,parachute
720.jpg,parachute
721.jpg,parachute
722.jpg,parachute
723.jpg,parachute
724.jpg,parachute
725.jpg,parachute
726.jpg,parachute
727.jpg,parachute
728.jpg,parachute
729.jpg,goldfish
730.jpg,parachute
731.jpg,parachute
732.jpg,parachute
733.jpg,parachute
734.jpg,parachute
735.jpg,parachute
736.jpg,parachute
737.jpg,goldfish
738.jpg,goldfish
739.jpg,parachute
740.jpg,parachute
741.jpg,parachute
742.jpg,parachute
743.jpg,goldfish
744.jpg,parachute
745.jpg,parachute
746.jpg,parachute
747.jpg,goldfish
748.jpg,parachute
749.jpg,parachute
750.jpg,parachute
751.jpg,parachute
752.jpg,parachute
753.jpg,parachute
754.jpg,parachute
755.jpg,parachute
756.jpg,goldfish
757.jpg,parachute
758.jpg,parachute
759.jpg,parachute
760.jpg,parachute
761.jpg,parachute
762.jpg,parachute
763.jpg,parachute
764.jpg,parachute
765.jpg,parachute
766.jpg,goldfish
767.jpg,parachute
768.jpg,parachute
769.jpg,parachute
770.jpg,parachute
771.jpg,parachute
772.jpg,parachute
773.jpg,goldfish
774.jpg,parachute
775.jpg,parachute
776.jpg,goldfish
777.jpg,parachute
778.jpg,goldfish
779.jpg,goldfish
780.jpg,parachute
781.jpg,goldfish
782.jpg,parachute
783.jpg,parachute
784.jpg,goldfish
785.jpg,parachute
786.jpg,parachute
787.jpg,goldfish
788.jpg,parachute
789.jpg,goldfish
790.jpg,goldfish
791.jpg,parachute
792.jpg,goldfish
793.jpg,parachute
794.jpg,parachute
795.jpg,parachute
796.jpg,parachute
797.jpg,goldfish
798.jpg,goldfish
799.jpg,parachute
800.jpg,parachute
801.jpg,parachute
802.jpg,parachute
803.jpg,parachute
804.jpg,parachute
805.jpg,parachute
806.jpg,parachute
807.jpg,parachute
808.jpg,parachute
809.jpg,parachute
810.jpg,parachute
811.jpg,goldfish
812.jpg,parachute
813.jpg,parachute
814.jpg,parachute
815.jpg,parachute
816.jpg,parachute
817.jpg,parachute
818.jpg,parachute
819.jpg,parachute
820.jpg,goldfish
821.jpg,parachute
822.jpg,parachute
823.jpg,parachute
824.jpg,parachute
825.jpg,parachute
826.jpg,parachute
827.jpg,parachute
828.jpg,parachute
829.jpg,goldfish
830.jpg,parachute
831.jpg,goldfish
832.jpg,parachute
833.jpg,parachute
834.jpg,parachute
835.jpg,parachute
836.jpg,parachute
837.jpg,parachute
838.jpg,parachute
839.jpg,goldfish
840.jpg,goldfish
841.jpg,goldfish
842.jpg,goldfish
843.jpg,parachute
844.jpg,goldfish
845.jpg,parachute
846.jpg,parachute
847.jpg,parachute
848.jpg,parachute
849.jpg,goldfish
850.jpg,parachute
851.jpg,parachute
852.jpg,parachute
853.jpg,parachute
854.jpg,parachute
855.jpg,parachute
856.jpg,parachute
857.jpg,goldfish
858.jpg,parachute
859.jpg,goldfish
860.jpg,parachute
861.jpg,parachute
862.jpg,parachute
863.jpg,parachute
864.jpg,parachute
865.jpg,parachute
866.jpg,parachute
867.jpg,parachute
868.jpg,goldfish
869.jpg,parachute
870.jpg,parachute
871.jpg,goldfish
872.jpg,goldfish
873.jpg,parachute
874.jpg,parachute
875.jpg,parachute
876.jpg,parachute
877.jpg,goldfish
878.jpg,parachute
879.jpg,goldfish
880.jpg,parachute
881.jpg,parachute
882.jpg,parachute
883.jpg,parachute
884.jpg,parachute
885.jpg,parachute
886.jpg,parachute
887.jpg,parachute
888.jpg,parachute
889.jpg,parachute
890.jpg,goldfish
891.jpg,parachute
892.jpg,parachute
893.jpg,parachute
894.jpg,parachute
895.jpg,parachute
896.jpg,parachute
897.jpg,parachute
898.jpg,goldfish
899.jpg,parachute
900.jpg,goldfish
901.jpg,goldfish
902.jpg,goldfish
903.jpg,parachute
904.jpg,parachute
905.jpg,parachute
906.jpg,goldfish
907.jpg,parachute
908.jpg,goldfish
909.jpg,parachute
910.jpg,parachute
911.jpg,goldfish
912.jpg,parachute
913.jpg,parachute
914.jpg,parachute
915.jpg,parachute
916.jpg,parachute
917.jpg,parachute
918.jpg,parachute
919.jpg,goldfish
920.jpg,goldfish
921.jpg,parachute
922.jpg,goldfish
923.jpg,parachute
924.jpg,parachute
925.jpg,parachute
926.jpg,parachute
927.jpg,parachute
928.jpg,parachute
929.jpg,parachute
930.jpg,parachute
931.jpg,goldfish
932.jpg,goldfish
933.jpg,goldfish
934.jpg,parachute
935.jpg,goldfish
936.jpg,parachute
937.jpg,goldfish
938.jpg,parachute
939.jpg,parachute
940.jpg,goldfish
941.jpg,parachute
942.jpg,parachute
943.jpg,parachute
944.jpg,parachute
945.jpg,goldfish
946.jpg,parachute
947.jpg,goldfish
948.jpg,parachute
949.jpg,parachute
950.jpg,parachute
951.jpg,parachute
952.jpg,parachute
953.jpg,parachute
954.jpg,parachute
955.jpg,parachute
956.jpg,goldfish
957.jpg,parachute
958.jpg,parachute
959.jpg,parachute
960.jpg,parachute
961.jpg,parachute
962.jpg,parachute
963.jpg,goldfish
964.jpg,parachute
965.jpg,goldfish
966.jpg,parachute
967.jpg,parachute
968.jpg,goldfish
969.jpg,parachute
970.jpg,parachute
971.jpg,goldfish
972.jpg,parachute
973.jpg,goldfish
974.jpg,goldfish
975.jpg,parachute
976.jpg,parachute
977.jpg,goldfish
978.jpg,parachute
979.jpg,goldfish
980.jpg,parachute
981.jpg,goldfish
982.jpg,goldfish
983.jpg,goldfish
984.jpg,parachute
985.jpg,parachute
986.jpg,parachute
987.jpg,parachute
988.jpg,parachute
989.jpg,parachute
990.jpg,parachute
991.jpg,parachute
992.jpg,goldfish
993.jpg,goldfish
994.jpg,parachute
995.jpg,goldfish
996.jpg,parachute
997.jpg,parachute
998.jpg,goldfish
999.jpg,parachute
1000.jpg,parachute
1001.jpg,parachute
1002.jpg,parachute
1003.jpg,parachute
1004.jpg,parachute
1005.jpg,parachute
1006.jpg,parachute
1007.jpg,parachute
1008.jpg,parachute
1009.jpg,parachute
1010.jpg,parachute
1011.jpg,parachute
1012.jpg,parachute
1013.jpg,parachute
1014.jpg,parachute
1015.jpg,parachute
1016.jpg,goldfish
1017.jpg,goldfish
1018.jpg,parachute
1019.jpg,parachute
1020.jpg,parachute
1021.jpg,goldfish
1022.jpg,parachute
1023.jpg,parachute
1024.jpg,parachute
1025.jpg,parachute
1026.jpg,goldfish
1027.jpg,parachute
1028.jpg,goldfish
1029.jpg,parachute
1030.jpg,parachute
1031.jpg,goldfish
1032.jpg,parachute
1033.jpg,parachute
1034.jpg,parachute
1035.jpg,parachute
1036.jpg,goldfish
1037.jpg,parachute
1038.jpg,parachute
1039.jpg,parachute
1040.jpg,parachute
1041.jpg,parachute
1042.jpg,parachute
1043.jpg,parachute
1044.jpg,parachute
1045.jpg,parachute
1046.jpg,parachute
1047.jpg,parachute
1048.jpg,parachute
1049.jpg,parachute
1050.jpg,parachute
1051.jpg,parachute
1052.jpg,parachute
1053.jpg,parachute
1054.jpg,parachute
1055.jpg,parachute
1056.jpg,goldfish
1057.jpg,parachute
1058.jpg,parachute
1059.jpg,parachute
1060.jpg,parachute
1061.jpg,parachute
1062.jpg,parachute
1063.jpg,parachute
1064.jpg,parachute
1065.jpg,goldfish
1066.jpg,parachute
1067.jpg,parachute
1068.jpg,goldfish
1069.jpg,parachute
1070.jpg,goldfish
1071.jpg,parachute
1072.jpg,parachute
1073.jpg,parachute
1074.jpg,goldfish
1075.jpg,parachute
1076.jpg,parachute
1077.jpg,parachute
1078.jpg,goldfish
1079.jpg,parachute
1080.jpg,parachute
1081.jpg,parachute
1082.jpg,parachute
1083.jpg,parachute
1084.jpg,parachute
1085.jpg,parachute
1086.jpg,parachute
1087.jpg,parachute
1088.jpg,parachute
1089.jpg,goldfish
1090.jpg,parachute
1091.jpg,parachute
1092.jpg,parachute
1093.jpg,parachute
1094.jpg,parachute
1095.jpg,parachute
1096.jpg,goldfish
1097.jpg,goldfish
1098.jpg,parachute
1099.jpg,parachute
1100.jpg,parachute
1101.jpg,parachute
1102.jpg,parachute
1103.jpg,goldfish
1104.jpg,parachute
1105.jpg,parachute
1106.jpg,parachute
1107.jpg,parachute
1108.jpg,goldfish
1109.jpg,parachute
1110.jpg,goldfish
1111.jpg,goldfish
1112.jpg,parachute
1113.jpg,parachute
1114.jpg,parachute
1115.jpg,goldfish
1116.jpg,parachute
1117.jpg,parachute
1118.jpg,parachute
1119.jpg,goldfish
1120.jpg,parachute
1121.jpg,parachute
1122.jpg,goldfish
1123.jpg,parachute
1124.jpg,parachute
1125.jpg,parachute
1126.jpg,goldfish
1127.jpg,parachute
1128.jpg,goldfish
1129.jpg,parachute
1130.jpg,parachute
1131.jpg,goldfish
1132.jpg,parachute
1133.jpg,goldfish
1134.jpg,parachute
1135.jpg,parachute
1136.jpg,parachute
1137.jpg,parachute
1138.jpg,parachute
1139.jpg,parachute
1140.jpg,parachute
1141.jpg,parachute
1142.jpg,parachute
1143.jpg,parachute
1144.jpg,parachute
1145.jpg,goldfish
1146.jpg,parachute
1147.jpg,parachute
1148.jpg,goldfish
1149.jpg,goldfish
1150.jpg,parachute
1151.jpg,parachute
1152.jpg,parachute
1153.jpg,parachute
1154.jpg,goldfish
1155.jpg,goldfish
1156.jpg,parachute
1157.jpg,goldfish
1158.jpg,goldfish
1159.jpg,goldfish
1160.jpg,parachute
1161.jpg,parachute
1162.jpg,parachute
1163.jpg,parachute
1164.jpg,parachute
1165.jpg,parachute
1166.jpg,goldfish
1167.jpg,goldfish
1168.jpg,parachute
1169.jpg,parachute
1170.jpg,goldfish
1171.jpg,goldfish
1172.jpg,parachute
1173.jpg,parachute
1174.jpg,goldfish
1175.jpg,parachute
1176.jpg,parachute
1177.jpg,goldfish
1178.jpg,parachute
1179.jpg,goldfish
1180.jpg,parachute
1181.jpg,parachute
1182.jpg,parachute
1183.jpg,parachute
1184.jpg,parachute
1185.jpg,goldfish
1186.jpg,goldfish
1187.jpg,parachute
1188.jpg,parachute
1189.jpg,goldfish
1190.jpg,parachute
1191.jpg,parachute
1192.jpg,parachute
1193.jpg,parachute
1194.jpg,goldfish
1195.jpg,parachute
1196.jpg,parachute
1197.jpg,parachute
1198.jpg,goldfish
1199.jpg,parachute
1200.jpg,parachute
1201.jpg,parachute
1202.jpg,parachute
1203.jpg,parachute
1204.jpg,parachute
1205.jpg,parachute
1206.jpg,goldfish
1207.jpg,parachute
1208.jpg,parachute
1209.jpg,parachute
1210.jpg,parachute
1211.jpg,goldfish
1212.jpg,parachute
1213.jpg,parachute
1214.jpg,parachute
1215.jpg,parachute
1216.jpg,parachute
1217.jpg,parachute
1218.jpg,parachute
1219.jpg,parachute
1220.jpg,parachute
1221.jpg,goldfish
1222.jpg,goldfish
1223.jpg,parachute
1224.jpg,parachute
1225.jpg,parachute
1226.jpg,parachute
1227.jpg,parachute
1228.jpg,parachute
1229.jpg,parachute
1230.jpg,parachute
1231.jpg,goldfish
1232.jpg,parachute
1233.jpg,goldfish
1234.jpg,goldfish
1235.jpg,parachute
1236.jpg,goldfish
1237.jpg,goldfish
1238.jpg,parachute
1239.jpg,parachute
1240.jpg,parachute
1241.jpg,parachute
1242.jpg,parachute
1243.jpg,parachute
1244.jpg,parachute
1245.jpg,parachute
1246.jpg,parachute
1247.jpg,goldfish
1248.jpg,parachute
1249.jpg,parachute
1250.jpg,goldfish
1251.jpg,goldfish
1252.jpg,parachute
1253.jpg,parachute
1254.jpg,parachute
1255.jpg,goldfish
1256.jpg,goldfish
1257.jpg,goldfish
1258.jpg,goldfish
1259.jpg,parachute
1260.jpg,parachute
1261.jpg,parachute
1262.jpg,parachute
1263.jpg,goldfish
1264.jpg,parachute
1265.jpg,parachute
1266.jpg,goldfish
1267.jpg,parachute
1268.jpg,goldfish
1269.jpg,parachute
1270.jpg,goldfish
1271.jpg,goldfish
1272.jpg,parachute
1273.jpg,parachute
1274.jpg,parachute
1275.jpg,goldfish
1276.jpg,goldfish
1277.jpg,parachute
1278.jpg,parachute
1279.jpg,parachute
1280.jpg,goldfish
1281.jpg,parachute
1282.jpg,parachute
1283.jpg,parachute
1284.jpg,parachute
1285.jpg,parachute
1286.jpg,parachute
1287.jpg,parachute
1288.jpg,goldfish
1289.jpg,parachute
1290.jpg,parachute
1291.jpg,parachute
1292.jpg,parachute
1293.jpg,goldfish
1294.jpg,parachute
1295.jpg,parachute
1296.jpg,parachute
1297.jpg,parachute
1298.jpg,parachute
1299.jpg,parachute
1300.jpg,parachute
1301.jpg,parachute
1302.jpg,goldfish
1303.jpg,parachute
1304.jpg,parachute
1305.jpg,goldfish
1306.jpg,parachute
1307.jpg,parachute
1308.jpg,parachute
1309.jpg,goldfish
1310.jpg,goldfish
1311.jpg,parachute
1312.jpg,parachute
1313.jpg,goldfish
1314.jpg,goldfish
1315.jpg,parachute
1316.jpg,parachute
1317.jpg,parachute
1318.jpg,goldfish
1319.jpg,goldfish
1320.jpg,parachute
1321.jpg,parachute
1322.jpg,goldfish
1323.jpg,parachute
1324.jpg,parachute
1325.jpg,parachute
1326.jpg,parachute
1327.jpg,parachute
1328.jpg,parachute
1329.jpg,parachute
1330.jpg,goldfish
1331.jpg,parachute
1332.jpg,goldfish
1333.jpg,parachute
1334.jpg,parachute
1335.jpg,goldfish
1336.jpg,parachute
1337.jpg,parachute
1338.jpg,parachute
1339.jpg,parachute
1340.jpg,parachute
1341.jpg,parachute
1342.jpg,parachute
1343.jpg,parachute
1344.jpg,parachute
1345.jpg,goldfish
1346.jpg,parachute
1347.jpg,parachute
1348.jpg,parachute
1349.jpg,parachute
1350.jpg,goldfish
1351.jpg,parachute
1352.jpg,goldfish
1353.jpg,parachute
1354.jpg,parachute
1355.jpg,parachute
1356.jpg,parachute
1357.jpg,parachute
1358.jpg,goldfish
1359.jpg,parachute
1360.jpg,parachute
1361.jpg,parachute
1362.jpg,parachute
1363.jpg,goldfish
1364.jpg,parachute
1365.jpg,parachute
1366.jpg,parachute
1367.jpg,goldfish
1368.jpg,parachute
1369.jpg,parachute
1370.jpg,parachute
1371.jpg,parachute
1372.jpg,parachute
1373.jpg,parachute
1374.jpg,parachute
1375.jpg,parachute
1376.jpg,parachute
1377.jpg,parachute
1378.jpg,goldfish
1379.jpg,goldfish
1380.jpg,parachute
1381.jpg,goldfish
1382.jpg,parachute
1383.jpg,parachute
1384.jpg,parachute
1385.jpg,goldfish
1386.jpg,parachute
1387.jpg,parachute
1388.jpg,parachute
1389.jpg,parachute
1390.jpg,parachute
1391.jpg,parachute
1392.jpg,parachute
1393.jpg,parachute
1394.jpg,parachute
1395.jpg,parachute
1396.jpg,goldfish
1397.jpg,parachute
1398.jpg,goldfish
1399.jpg,goldfish
1400.jpg,parachute
1401.jpg,parachute
1402.jpg,parachute
1403.jpg,parachute
1404.jpg,goldfish
1405.jpg,goldfish
1406.jpg,goldfish
1407.jpg,parachute
1408.jpg,goldfish
1409.jpg,parachute
1410.jpg,parachute
1411.jpg,parachute
1412.jpg,parachute
1413.jpg,goldfish
1414.jpg,parachute
1415.jpg,parachute
1416.jpg,goldfish
1417.jpg,parachute
1418.jpg,parachute
1419.jpg,goldfish
1420.jpg,parachute
1421.jpg,parachute
1422.jpg,parachute
1423.jpg,parachute
1424.jpg,parachute
1425.jpg,goldfish
1426.jpg,parachute
1427.jpg,goldfish
1428.jpg,goldfish
1429.jpg,goldfish
1430.jpg,parachute
1431.jpg,parachute
1432.jpg,parachute
1433.jpg,parachute
1434.jpg,parachute
1435.jpg,parachute
1436.jpg,parachute
1437.jpg,parachute
1438.jpg,goldfish
1439.jpg,parachute
1440.jpg,parachute
1441.jpg,parachute
1442.jpg,parachute
1443.jpg,parachute
1444.jpg,parachute
1445.jpg,parachute
1446.jpg,parachute
1447.jpg,parachute
1448.jpg,parachute
1449.jpg,goldfish
1450.jpg,parachute
1451.jpg,parachute
1452.jpg,parachute
1453.jpg,goldfish
1454.jpg,goldfish
1455.jpg,parachute
1456.jpg,parachute
1457.jpg,parachute
1458.jpg,parachute
1459.jpg,goldfish
1460.jpg,parachute
1461.jpg,goldfish
1462.jpg,goldfish
1463.jpg,goldfish
1464.jpg,parachute
1465.jpg,parachute
1466.jpg,parachute
1467.jpg,parachute
1468.jpg,parachute
1469.jpg,parachute
1470.jpg,parachute
1471.jpg,parachute
1472.jpg,parachute
1473.jpg,parachute
1474.jpg,parachute
1475.jpg,parachute
1476.jpg,parachute
1477.jpg,goldfish
1478.jpg,parachute
1479.jpg,parachute
1480.jpg,parachute
1481.jpg,parachute
1482.jpg,parachute
1483.jpg,parachute
1484.jpg,parachute
1485.jpg,parachute
1486.jpg,parachute
1487.jpg,parachute
1488.jpg,parachute
1489.jpg,parachute
1490.jpg,parachute
1491.jpg,parachute
1492.jpg,goldfish
1493.jpg,parachute
1494.jpg,parachute
1495.jpg,parachute
1496.jpg,parachute
1497.jpg,parachute
1498.jpg,parachute
1499.jpg,parachute
1500.jpg,parachute
1501.jpg,parachute
1502.jpg,parachute
1503.jpg,parachute
1504.jpg,parachute
1505.jpg,parachute
1506.jpg,parachute
1507.jpg,parachute
1508.jpg,parachute
1509.jpg,parachute
1510.jpg,parachute
1511.jpg,goldfish
1512.jpg,parachute
1513.jpg,parachute
1514.jpg,goldfish
1515.jpg,parachute
1516.jpg,parachute
1517.jpg,goldfish
1518.jpg,parachute
1519.jpg,parachute
1520.jpg,parachute
1521.jpg,parachute
1522.jpg,parachute
1523.jpg,parachute
1524.jpg,parachute
1525.jpg,parachute
1526.jpg,parachute
1527.jpg,parachute
1528.jpg,parachute
1529.jpg,parachute
1530.jpg,parachute
1531.jpg,goldfish
1532.jpg,parachute
1533.jpg,goldfish
1534.jpg,parachute
1535.jpg,parachute
1536.jpg,parachute
1537.jpg,parachute
1538.jpg,parachute
1539.jpg,parachute
1540.jpg,parachute
1541.jpg,parachute
1542.jpg,goldfish
1543.jpg,parachute
1544.jpg,parachute
1545.jpg,parachute
1546.jpg,parachute
1547.jpg,parachute
1548.jpg,goldfish
1549.jpg,parachute
1550.jpg,parachute
1551.jpg,parachute
1552.jpg,goldfish
1553.jpg,parachute
1554.jpg,parachute
1555.jpg,parachute
1556.jpg,goldfish
1557.jpg,parachute
1558.jpg,parachute
1559.jpg,parachute
1560.jpg,parachute
1561.jpg,parachute
1562.jpg,parachute
1563.jpg,parachute
1564.jpg,parachute
1565.jpg,parachute
1566.jpg,parachute
1567.jpg,parachute
1568.jpg,parachute
1569.jpg,goldfish
1570.jpg,parachute
1571.jpg,parachute
1572.jpg,goldfish
1573.jpg,parachute
1574.jpg,parachute
1575.jpg,parachute
1576.jpg,parachute
1577.jpg,parachute
1578.jpg,parachute
1579.jpg,parachute
1580.jpg,parachute
1581.jpg,parachute
1582.jpg,parachute
1583.jpg,parachute
1584.jpg,parachute
1585.jpg,parachute
1586.jpg,parachute
1587.jpg,parachute
1588.jpg,parachute
1589.jpg,parachute
1590.jpg,parachute
1591.jpg,parachute
1592.jpg,parachute
1593.jpg,parachute
1594.jpg,parachute
1595.jpg,parachute
1596.jpg,parachute
1597.jpg,goldfish
1598.jpg,parachute
1599.jpg,parachute
1600.jpg,goldfish
1601.jpg,parachute
1602.jpg,parachute
1603.jpg,parachute
1604.jpg,parachute
1605.jpg,parachute
1606.jpg,parachute
1607.jpg,parachute
1608.jpg,parachute
1609.jpg,parachute
1610.jpg,parachute
1611.jpg,parachute
1612.jpg,parachute
1613.jpg,goldfish
1614.jpg,parachute
1615.jpg,parachute
1616.jpg,parachute
1617.jpg,parachute
1618.jpg,parachute
1619.jpg,goldfish
1620.jpg,parachute
1621.jpg,parachute
1622.jpg,parachute
1623.jpg,parachute
1624.jpg,goldfish
1625.jpg,parachute
1626.jpg,parachute
1627.jpg,goldfish
1628.jpg,goldfish
1629.jpg,parachute
1630.jpg,parachute
1631.jpg,parachute
1632.jpg,parachute
1633.jpg,parachute
1634.jpg,parachute
1635.jpg,parachute
1636.jpg,parachute
1637.jpg,parachute
1638.jpg,parachute
1639.jpg,parachute
1640.jpg,parachute
1641.jpg,parachute
1642.jpg,goldfish
1643.jpg,parachute
1644.jpg,parachute
1645.jpg,parachute
1646.jpg,parachute
1647.jpg,parachute
1648.jpg,parachute
1649.jpg,parachute
1650.jpg,parachute
1651.jpg,parachute
1652.jpg,parachute
1653.jpg,parachute
1654.jpg,parachute
1655.jpg,goldfish
1656.jpg,goldfish
1657.jpg,parachute
1658.jpg,parachute
1659.jpg,parachute
1660.jpg,parachute
1661.jpg,goldfish
1662.jpg,parachute
1663.jpg,parachute
1664.jpg,parachute
1665.jpg,parachute
1666.jpg,goldfish
1667.jpg,parachute
1668.jpg,parachute
1669.jpg,parachute
1670.jpg,parachute
1671.jpg,goldfish
1672.jpg,parachute
1673.jpg,parachute
1674.jpg,parachute
1675.jpg,goldfish
1676.jpg,parachute
1677.jpg,parachute
1678.jpg,goldfish
1679.jpg,parachute
1680.jpg,parachute
1681.jpg,goldfish
1682.jpg,goldfish
1683.jpg,goldfish
1684.jpg,goldfish
1685.jpg,parachute
1686.jpg,goldfish
1687.jpg,parachute
1688.jpg,parachute
1689.jpg,parachute
1690.jpg,parachute
1691.jpg,parachute
1692.jpg,parachute
1693.jpg,parachute
1694.jpg,parachute
1695.jpg,parachute
1696.jpg,parachute
1697.jpg,parachute
1698.jpg,goldfish
1699.jpg,parachute
1700.jpg,parachute
1701.jpg,parachute
1702.jpg,parachute
1703.jpg,goldfish
1704.jpg,goldfish
1705.jpg,parachute
1706.jpg,parachute
1707.jpg,goldfish
1708.jpg,parachute
1709.jpg,parachute
1710.jpg,goldfish
1711.jpg,goldfish
1712.jpg,parachute
1713.jpg,parachute
1714.jpg,parachute
1715.jpg,parachute
1716.jpg,parachute
1717.jpg,goldfish
1718.jpg,parachute
1719.jpg,parachute
1720.jpg,goldfish
1721.jpg,goldfish
1722.jpg,parachute
1723.jpg,parachute
1724.jpg,parachute
1725.jpg,parachute
1726.jpg,parachute
1727.jpg,parachute
1728.jpg,parachute
1729.jpg,parachute
1730.jpg,parachute
1731.jpg,parachute
1732.jpg,parachute
1733.jpg,parachute
1734.jpg,goldfish
1735.jpg,goldfish
1736.jpg,parachute
1737.jpg,parachute
1738.jpg,parachute
1739.jpg,parachute
1740.jpg,goldfish
1741.jpg,parachute
1742.jpg,parachute
1743.jpg,parachute
1744.jpg,goldfish
1745.jpg,goldfish
1746.jpg,goldfish
1747.jpg,parachute
1748.jpg,goldfish
1749.jpg,goldfish
1750.jpg,parachute
1751.jpg,goldfish
1752.jpg,parachute
1753.jpg,parachute
1754.jpg,parachute
1755.jpg,goldfish
1756.jpg,parachute
1757.jpg,parachute
1758.jpg,parachute
1759.jpg,parachute
1760.jpg,goldfish
1761.jpg,parachute
1762.jpg,goldfish
1763.jpg,parachute
1764.jpg,parachute
1765.jpg,goldfish
1766.jpg,parachute
1767.jpg,parachute
1768.jpg,parachute
1769.jpg,goldfish
1770.jpg,parachute
1771.jpg,parachute
1772.jpg,parachute
1773.jpg,parachute
1774.jpg,parachute
1775.jpg,parachute
1776.jpg,parachute
1777.jpg,parachute
1778.jpg,parachute
1779.jpg,parachute
1780.jpg,parachute
1781.jpg,parachute
1782.jpg,parachute
1783.jpg,goldfish
1784.jpg,parachute
1785.jpg,parachute
1786.jpg,parachute
1787.jpg,goldfish
1788.jpg,goldfish
1789.jpg,parachute
1790.jpg,parachute
1791.jpg,goldfish
1792.jpg,parachute
1793.jpg,parachute
1794.jpg,goldfish
1795.jpg,goldfish
1796.jpg,parachute
1797.jpg,parachute
1798.jpg,goldfish
1799.jpg,goldfish
1800.jpg,parachute
1801.jpg,goldfish
1802.jpg,goldfish
1803.jpg,parachute
1804.jpg,parachute
1805.jpg,parachute
1806.jpg,parachute
1807.jpg,parachute
1808.jpg,parachute
1809.jpg,parachute
1810.jpg,goldfish
1811.jpg,parachute
1812.jpg,parachute
1813.jpg,parachute
1814.jpg,parachute
1815.jpg,parachute
1816.jpg,parachute
1817.jpg,parachute
1818.jpg,goldfish
1819.jpg,parachute
1820.jpg,goldfish
1821.jpg,parachute
1822.jpg,parachute
1823.jpg,goldfish
1824.jpg,parachute
1825.jpg,parachute
1826.jpg,goldfish
1827.jpg,parachute
1828.jpg,parachute
1829.jpg,parachute
1830.jpg,parachute
1831.jpg,parachute
1832.jpg,parachute
1833.jpg,parachute
1834.jpg,parachute
1835.jpg,goldfish
1836.jpg,parachute
1837.jpg,parachute
1838.jpg,parachute
1839.jpg,goldfish
1840.jpg,goldfish
1841.jpg,parachute
1842.jpg,goldfish
1843.jpg,goldfish
1844.jpg,goldfish
1845.jpg,parachute
1846.jpg,parachute
1847.jpg,parachute
1848.jpg,parachute
1849.jpg,parachute
1850.jpg,goldfish
1851.jpg,parachute
1852.jpg,parachute
1853.jpg,parachute
1854.jpg,parachute
1855.jpg,parachute
1856.jpg,parachute
1857.jpg,parachute
1858.jpg,goldfish
1859.jpg,parachute
1860.jpg,goldfish
1861.jpg,parachute
1862.jpg,parachute
1863.jpg,goldfish
1864.jpg,parachute
1865.jpg,parachute
1866.jpg,parachute
1867.jpg,parachute
1868.jpg,parachute
1869.jpg,parachute
1870.jpg,parachute
1871.jpg,parachute
1872.jpg,parachute
1873.jpg,goldfish
1874.jpg,parachute
1875.jpg,parachute
1876.jpg,goldfish
1877.jpg,parachute
1878.jpg,goldfish
1879.jpg,goldfish
1880.jpg,parachute
1881.jpg,parachute
1882.jpg,goldfish
1883.jpg,parachute
1884.jpg,goldfish
1885.jpg,goldfish
1886.jpg,goldfish
1887.jpg,parachute
1888.jpg,parachute
1889.jpg,parachute
1890.jpg,parachute
1891.jpg,goldfish
1892.jpg,parachute
1893.jpg,parachute
1894.jpg,parachute
1895.jpg,parachute
1896.jpg,parachute
1897.jpg,goldfish
1898.jpg,parachute
1899.jpg,parachute
1900.jpg,goldfish
1901.jpg,parachute
1902.jpg,parachute
1903.jpg,parachute
1904.jpg,parachute
1905.jpg,parachute
1906.jpg,parachute
1907.jpg,parachute
1908.jpg,parachute
1909.jpg,parachute
1910.jpg,parachute
1911.jpg,parachute
1912.jpg,goldfish
1913.jpg,parachute
1914.jpg,parachute
1915.jpg,parachute
1916.jpg,parachute
1917.jpg,parachute
1918.jpg,goldfish
1919.jpg,parachute
1920.jpg,parachute
1921.jpg,parachute
1922.jpg,parachute
1923.jpg,parachute
1924.jpg,parachute
1925.jpg,parachute
1926.jpg,goldfish
1927.jpg,parachute
1928.jpg,parachute
1929.jpg,goldfish
1930.jpg,parachute
1931.jpg,goldfish
1932.jpg,goldfish
1933.jpg,parachute
1934.jpg,parachute
1935.jpg,parachute
1936.jpg,goldfish
1937.jpg,parachute
1938.jpg,parachute
1939.jpg,parachute
1940.jpg,parachute
1941.jpg,parachute
1942.jpg,parachute
1943.jpg,parachute
1944.jpg,goldfish
1945.jpg,parachute
1946.jpg,parachute
1947.jpg,parachute
1948.jpg,parachute
1949.jpg,parachute
1950.jpg,goldfish
1951.jpg,parachute
1952.jpg,parachute
1953.jpg,parachute
1954.jpg,parachute
1955.jpg,parachute
1956.jpg,parachute
1957.jpg,parachute
1958.jpg,parachute
1959.jpg,parachute
1960.jpg,goldfish
1961.jpg,parachute
1962.jpg,parachute
1963.jpg,goldfish
1964.jpg,parachute
1965.jpg,parachute
1966.jpg,goldfish
1967.jpg,parachute
1968.jpg,parachute
1969.jpg,parachute
1970.jpg,parachute
1971.jpg,parachute
1972.jpg,parachute
1973.jpg,parachute
1974.jpg,goldfish
1975.jpg,goldfish
1976.jpg,goldfish
1977.jpg,goldfish
1978.jpg,goldfish
1979.jpg,parachute
1980.jpg,parachute
1981.jpg,parachute
1982.jpg,parachute
1983.jpg,goldfish
1984.jpg,parachute
1985.jpg,parachute
1986.jpg,parachute
1987.jpg,goldfish
1988.jpg,goldfish
1989.jpg,parachute
1990.jpg,parachute
1991.jpg,parachute
1992.jpg,goldfish
1993.jpg,parachute
1994.jpg,parachute
1995.jpg,goldfish
1996.jpg,parachute
1997.jpg,parachute
1998.jpg,goldfish
1999.jpg,parachute
2000.jpg,parachute
2001.jpg,goldfish
2002.jpg,parachute
2003.jpg,parachute
2004.jpg,parachute
2005.jpg,parachute
2006.jpg,parachute
2007.jpg,parachute
2008.jpg,parachute
2009.jpg,goldfish
2010.jpg,parachute
2011.jpg,goldfish
2012.jpg,goldfish
2013.jpg,parachute
2014.jpg,parachute
2015.jpg,parachute
2016.jpg,goldfish
2017.jpg,parachute
2018.jpg,goldfish
2019.jpg,parachute
2020.jpg,parachute
2021.jpg,parachute
2022.jpg,goldfish
2023.jpg,parachute
2024.jpg,parachute
2025.jpg,goldfish
2026.jpg,goldfish
2027.jpg,parachute
2028.jpg,parachute
2029.jpg,parachute
2030.jpg,parachute
2031.jpg,goldfish
2032.jpg,parachute
2033.jpg,goldfish
2034.jpg,parachute
2035.jpg,parachute
2036.jpg,goldfish
2037.jpg,parachute
2038.jpg,parachute
2039.jpg,parachute
2040.jpg,parachute
2041.jpg,parachute
2042.jpg,parachute
2043.jpg,goldfish
2044.jpg,goldfish
2045.jpg,parachute
2046.jpg,goldfish
2047.jpg,parachute
2048.jpg,parachute
2049.jpg,parachute
2050.jpg,parachute
2051.jpg,parachute
2052.jpg,goldfish
2053.jpg,parachute
2054.jpg,parachute
2055.jpg,parachute
2056.jpg,goldfish
2057.jpg,parachute
2058.jpg,parachute
2059.jpg,parachute
2060.jpg,parachute
2061.jpg,parachute
2062.jpg,parachute
2063.jpg,parachute
2064.jpg,goldfish
2065.jpg,parachute
2066.jpg,goldfish
2067.jpg,parachute
2068.jpg,goldfish
2069.jpg,parachute
2070.jpg,parachute
2071.jpg,parachute
2072.jpg,goldfish
2073.jpg,goldfish
2074.jpg,parachute
2075.jpg,parachute
2076.jpg,parachute
2077.jpg,parachute
2078.jpg,parachute
2079.jpg,parachute
2080.jpg,parachute
2081.jpg,parachute
2082.jpg,goldfish
2083.jpg,parachute
2084.jpg,goldfish
2085.jpg,parachute
2086.jpg,goldfish
2087.jpg,goldfish
2088.jpg,parachute
2089.jpg,parachute
2090.jpg,parachute
2091.jpg,parachute
2092.jpg,parachute
2093.jpg,parachute
2094.jpg,goldfish
2095.jpg,parachute
2096.jpg,parachute
2097.jpg,parachute
2098.jpg,goldfish
2099.jpg,parachute
2100.jpg,goldfish
2101.jpg,parachute
2102.jpg,parachute
2103.jpg,parachute
2104.jpg,goldfish
2105.jpg,parachute
2106.jpg,parachute
2107.jpg,parachute
2108.jpg,parachute
2109.jpg,goldfish
2110.jpg,parachute
2111.jpg,parachute
2112.jpg,parachute
2113.jpg,parachute
2114.jpg,goldfish
2115.jpg,parachute
2116.jpg,parachute
2117.jpg,parachute
2118.jpg,parachute
2119.jpg,goldfish
2120.jpg,parachute
2121.jpg,goldfish
2122.jpg,parachute
2123.jpg,goldfish
2124.jpg,parachute
2125.jpg,parachute
2126.jpg,parachute
2127.jpg,parachute
2128.jpg,parachute
2129.jpg,parachute
2130.jpg,parachute
2131.jpg,parachute
2132.jpg,goldfish
2133.jpg,parachute
2134.jpg,parachute
2135.jpg,parachute
2136.jpg,parachute
2137.jpg,parachute
2138.jpg,parachute
2139.jpg,parachute
2140.jpg,parachute
2141.jpg,parachute
2142.jpg,parachute
2143.jpg,parachute
2144.jpg,parachute
2145.jpg,parachute
2146.jpg,parachute
2147.jpg,goldfish
2148.jpg,parachute
2149.jpg,goldfish
2150.jpg,goldfish
2151.jpg,goldfish
2152.jpg,parachute
2153.jpg,parachute
2154.jpg,parachute
2155.jpg,parachute
2156.jpg,parachute
2157.jpg,parachute
2158.jpg,parachute
2159.jpg,goldfish
2160.jpg,parachute
2161.jpg,parachute
2162.jpg,parachute
2163.jpg,parachute
2164.jpg,parachute
2165.jpg,parachute
2166.jpg,parachute
2167.jpg,parachute
2168.jpg,parachute
2169.jpg,parachute
2170.jpg,parachute
2171.jpg,parachute
2172.jpg,goldfish
2173.jpg,goldfish
2174.jpg,parachute
2175.jpg,parachute
2176.jpg,parachute
2177.jpg,goldfish
2178.jpg,parachute
2179.jpg,parachute
2180.jpg,parachute
2181.jpg,parachute
2182.jpg,goldfish
2183.jpg,goldfish
2184.jpg,parachute
2185.jpg,parachute
2186.jpg,parachute
2187.jpg,goldfish
2188.jpg,parachute
2189.jpg,parachute
2190.jpg,parachute
2191.jpg,goldfish
2192.jpg,parachute
2193.jpg,goldfish
2194.jpg,parachute
2195.jpg,parachute
2196.jpg,parachute
2197.jpg,parachute
2198.jpg,goldfish
2199.jpg,goldfish
2200.jpg,parachute
2201.jpg,parachute
2202.jpg,parachute
2203.jpg,parachute
2204.jpg,parachute
2205.jpg,parachute
2206.jpg,parachute
2207.jpg,parachute
2208.jpg,parachute
2209.jpg,parachute
2210.jpg,parachute
2211.jpg,goldfish
2212.jpg,goldfish
2213.jpg,goldfish
2214.jpg,goldfish
2215.jpg,parachute
2216.jpg,parachute
2217.jpg,parachute
2218.jpg,goldfish
2219.jpg,parachute
2220.jpg,parachute
2221.jpg,parachute
2222.jpg,parachute
2223.jpg,parachute
2224.jpg,goldfish
2225.jpg,parachute
2226.jpg,parachute
2227.jpg,parachute
2228.jpg,parachute
2229.jpg,parachute
2230.jpg,parachute
2231.jpg,parachute
2232.jpg,parachute
2233.jpg,parachute
2234.jpg,parachute
2235.jpg,parachute
2236.jpg,parachute
2237.jpg,goldfish
2238.jpg,parachute
2239.jpg,goldfish
2240.jpg,parachute
2241.jpg,parachute
2242.jpg,goldfish
2243.jpg,parachute
2244.jpg,parachute
2245.jpg,parachute
2246.jpg,goldfish
2247.jpg,goldfish
2248.jpg,parachute
2249.jpg,parachute
2250.jpg,goldfish
2251.jpg,parachute
2252.jpg,parachute
2253.jpg,parachute
2254.jpg,parachute
2255.jpg,parachute
2256.jpg,parachute
2257.jpg,parachute
2258.jpg,parachute
2259.jpg,goldfish
2260.jpg,parachute
2261.jpg,parachute
2262.jpg,parachute
2263.jpg,parachute
2264.jpg,parachute
2265.jpg,parachute
2266.jpg,goldfish
2267.jpg,parachute
2268.jpg,parachute
2269.jpg,parachute
2270.jpg,goldfish
2271.jpg,goldfish
2272.jpg,parachute
2273.jpg,parachute
2274.jpg,parachute
2275.jpg,parachute
2276.jpg,goldfish
2277.jpg,parachute
2278.jpg,parachute
2279.jpg,parachute
2280.jpg,parachute
2281.jpg,goldfish
2282.jpg,goldfish
2283.jpg,parachute
2284.jpg,parachute
2285.jpg,parachute
2286.jpg,parachute
2287.jpg,goldfish
2288.jpg,goldfish
2289.jpg,parachute
2290.jpg,parachute
2291.jpg,parachute
2292.jpg,parachute
2293.jpg,parachute
2294.jpg,parachute
2295.jpg,goldfish
2296.jpg,parachute
2297.jpg,parachute
2298.jpg,goldfish
2299.jpg,parachute
2300.jpg,parachute
2301.jpg,parachute
2302.jpg,goldfish
2303.jpg,parachute
2304.jpg,goldfish
2305.jpg,parachute
2306.jpg,parachute
2307.jpg,parachute
2308.jpg,parachute
2309.jpg,parachute
2310.jpg,parachute
2311.jpg,parachute
2312.jpg,parachute
2313.jpg,parachute
2314.jpg,goldfish
2315.jpg,parachute
2316.jpg,goldfish
2317.jpg,goldfish
2318.jpg,parachute
2319.jpg,parachute
2320.jpg,parachute
2321.jpg,parachute
2322.jpg,parachute
2323.jpg,goldfish
2324.jpg,parachute
2325.jpg,parachute
2326.jpg,parachute
2327.jpg,parachute
2328.jpg,parachute
2329.jpg,parachute
2330.jpg,parachute
2331.jpg,parachute
2332.jpg,parachute
2333.jpg,parachute
2334.jpg,goldfish
2335.jpg,parachute
2336.jpg,parachute
2337.jpg,parachute
2338.jpg,parachute
2339.jpg,parachute
2340.jpg,goldfish
2341.jpg,parachute
2342.jpg,parachute
2343.jpg,goldfish
2344.jpg,parachute
2345.jpg,parachute
2346.jpg,parachute
2347.jpg,parachute
2348.jpg,parachute
2349.jpg,goldfish
2350.jpg,goldfish
2351.jpg,parachute
2352.jpg,goldfish
2353.jpg,parachute
2354.jpg,parachute
2355.jpg,parachute
2356.jpg,parachute
2357.jpg,parachute
2358.jpg,parachute
2359.jpg,goldfish
2360.jpg,parachute
2361.jpg,parachute
2362.jpg,goldfish
2363.jpg,parachute
2364.jpg,parachute
2365.jpg,parachute
2366.jpg,parachute
2367.jpg,goldfish
2368.jpg,parachute
2369.jpg,parachute
2370.jpg,parachute
2371.jpg,goldfish
2372.jpg,parachute
2373.jpg,parachute
2374.jpg,goldfish
2375.jpg,parachute
2376.jpg,goldfish
2377.jpg,parachute
2378.jpg,parachute
2379.jpg,parachute
2380.jpg,goldfish
2381.jpg,goldfish
2382.jpg,parachute
2383.jpg,parachute
2384.jpg,parachute
2385.jpg,parachute
2386.jpg,parachute
2387.jpg,parachute
2388.jpg,goldfish
2389.jpg,parachute
2390.jpg,parachute
2391.jpg,goldfish
2392.jpg,parachute
2393.jpg,goldfish
2394.jpg,parachute
2395.jpg,parachute
2396.jpg,parachute
2397.jpg,parachute
2398.jpg,goldfish
2399.jpg,parachute
2400.jpg,parachute
2401.jpg,goldfish
2402.jpg,goldfish
2403.jpg,parachute
2404.jpg,parachute
2405.jpg,parachute
2406.jpg,parachute
2407.jpg,parachute
2408.jpg,parachute
2409.jpg,parachute
2410.jpg,parachute
2411.jpg,parachute
2412.jpg,parachute
2413.jpg,parachute
2414.jpg,parachute
2415.jpg,parachute
2416.jpg,parachute
2417.jpg,parachute
2418.jpg,parachute
2419.jpg,parachute
2420.jpg,parachute
2421.jpg,parachute
2422.jpg,parachute
2423.jpg,parachute
2424.jpg,parachute
2425.jpg,parachute
2426.jpg,parachute
2427.jpg,parachute
2428.jpg,parachute
2429.jpg,parachute
2430.jpg,parachute
2431.jpg,parachute
2432.jpg,parachute
2433.jpg,parachute
2434.jpg,parachute
2435.jpg,parachute
2436.jpg,parachute
2437.jpg,parachute
2438.jpg,parachute
2439.jpg,parachute
2440.jpg,goldfish
2441.jpg,goldfish
2442.jpg,parachute
2443.jpg,goldfish
2444.jpg,parachute
2445.jpg,parachute
2446.jpg,goldfish
2447.jpg,parachute
2448.jpg,parachute
2449.jpg,parachute
2450.jpg,parachute
2451.jpg,parachute
2452.jpg,parachute
2453.jpg,parachute
2454.jpg,parachute
2455.jpg,goldfish
2456.jpg,parachute
2457.jpg,parachute
2458.jpg,parachute
2459.jpg,parachute
2460.jpg,parachute
2461.jpg,goldfish
2462.jpg,parachute
2463.jpg,parachute
2464.jpg,parachute
2465.jpg,parachute
2466.jpg,goldfish
2467.jpg,parachute
2468.jpg,parachute
2469.jpg,parachute
2470.jpg,parachute
2471.jpg,parachute
2472.jpg,parachute
2473.jpg,parachute
2474.jpg,parachute
2475.jpg,parachute
2476.jpg,parachute
2477.jpg,goldfish
2478.jpg,parachute
2479.jpg,parachute
2480.jpg,parachute
2481.jpg,parachute
2482.jpg,parachute
2483.jpg,parachute
2484.jpg,parachute
2485.jpg,parachute
2486.jpg,parachute
2487.jpg,parachute
2488.jpg,parachute
2489.jpg,parachute
2490.jpg,goldfish
2491.jpg,parachute
2492.jpg,parachute
2493.jpg,parachute
2494.jpg,parachute
2495.jpg,parachute
2496.jpg,goldfish
2497.jpg,goldfish
2498.jpg,parachute
2499.jpg,parachute
2500.jpg,parachute
2501.jpg,goldfish
2502.jpg,parachute
2503.jpg,parachute
2504.jpg,goldfish
2505.jpg,parachute
2506.jpg,goldfish
2507.jpg,goldfish
2508.jpg,goldfish
2509.jpg,parachute
2510.jpg,parachute
2511.jpg,parachute
2512.jpg,parachute
2513.jpg,goldfish
2514.jpg,parachute
2515.jpg,parachute
2516.jpg,parachute
2517.jpg,goldfish
2518.jpg,parachute
2519.jpg,parachute
2520.jpg,goldfish
2521.jpg,parachute
2522.jpg,parachute
2523.jpg,parachute
2524.jpg,parachute
2525.jpg,parachute
2526.jpg,parachute
2527.jpg,parachute
2528.jpg,parachute
2529.jpg,parachute
2530.jpg,parachute
2531.jpg,parachute
2532.jpg,parachute
2533.jpg,parachute
2534.jpg,parachute
2535.jpg,parachute
2536.jpg,goldfish
2537.jpg,parachute
2538.jpg,parachute
2539.jpg,parachute
2540.jpg,goldfish
2541.jpg,goldfish
2542.jpg,parachute
2543.jpg,parachute
2544.jpg,parachute
2545.jpg,parachute
2546.jpg,parachute
2547.jpg,goldfish
2548.jpg,parachute
2549.jpg,parachute
2550.jpg,parachute
2551.jpg,parachute
2552.jpg,goldfish
2553.jpg,parachute
2554.jpg,parachute
2555.jpg,parachute
2556.jpg,goldfish
2557.jpg,parachute
2558.jpg,parachute
2559.jpg,parachute
2560.jpg,parachute
2561.jpg,parachute
2562.jpg,parachute
2563.jpg,parachute
2564.jpg,parachute
2565.jpg,parachute
2566.jpg,goldfish
2567.jpg,parachute
2568.jpg,parachute
2569.jpg,parachute
2570.jpg,parachute
2571.jpg,parachute
2572.jpg,goldfish
2573.jpg,parachute
2574.jpg,parachute
2575.jpg,parachute
2576.jpg,parachute
2577.jpg,goldfish
2578.jpg,parachute
2579.jpg,goldfish
2580.jpg,parachute
2581.jpg,parachute
2582.jpg,goldfish
2583.jpg,parachute
2584.jpg,parachute
2585.jpg,goldfish
2586.jpg,parachute
2587.jpg,parachute
2588.jpg,parachute
2589.jpg,goldfish
2590.jpg,parachute
2591.jpg,goldfish
2592.jpg,parachute
2593.jpg,goldfish
2594.jpg,goldfish
2595.jpg,parachute
2596.jpg,goldfish
2597.jpg,parachute
2598.jpg,parachute
2599.jpg,goldfish
